{"cameraMode":{"drawMode":0,"name":"Shaded","section":"Shading Mode"},"sceneLighting":true,"audioPlay":false,"sceneViewState":{"showFog":true,"showMaterialUpdate":false,"showSkybox":true,"showFlares":true,"showImageEffects":true,"showParticleSystems":true},"in2DMode":false,"pivot":{"x":342.93096923828127,"y":194.34613037109376,"z":32.270111083984378},"rotation":{"x":0.09734415262937546,"y":0.005971241742372513,"z":-0.000584239955060184,"w":0.9952358603477478},"size":232.7107696533203,"orthographic":false}